{
  "train_losses": [
    0.8192829874654611,
    0.799587598691384
  ],
  "val_losses": [
    0.8562442660331726,
    0.8327659368515015
  ],
  "train_accuracies": [
    43.47826086956522,
    43.34650856389987
  ],
  "val_accuracies": [
    34.21052631578947,
    36.8421052631579
  ],
  "best_epoch": 2,
  "best_val_loss": 0.8327659368515015,
  "best_val_accuracy": 36.8421052631579
}