{
  "train_losses": [
    0.7597890285154184,
    0.7303573327759901
  ],
  "val_losses": [
    0.7449278930823008,
    0.6804216901461283
  ],
  "train_accuracies": [
    49.27536231884058,
    50.72463768115942
  ],
  "val_accuracies": [
    52.10526315789474,
    57.36842105263158
  ],
  "best_epoch": 2,
  "best_val_loss": 0.6804216901461283,
  "best_val_accuracy": 57.36842105263158
}