{
  "train_losses": [
    0.9158861388762792,
    0.8693453694383303
  ],
  "val_losses": [
    0.8955970257520676,
    0.8801419585943222
  ],
  "train_accuracies": [
    45.059288537549406,
    41.23847167325428
  ],
  "val_accuracies": [
    44.73684210526316,
    42.63157894736842
  ],
  "best_epoch": 2,
  "best_val_loss": 0.8801419585943222,
  "best_val_accuracy": 42.63157894736842
}