{
  "train_losses": [
    0.7411795618633429,
    0.7088207167883714
  ],
  "val_losses": [
    0.6838121364514033,
    0.672189066807429
  ],
  "train_accuracies": [
    51.64690382081687,
    52.96442687747036
  ],
  "val_accuracies": [
    57.89473684210526,
    60.0
  ],
  "best_epoch": 2,
  "best_val_loss": 0.672189066807429,
  "best_val_accuracy": 60.0
}