{
  "train_losses": [
    0.810231459637483,
    0.7587987631559372
  ],
  "val_losses": [
    0.8378465175628662,
    0.8051034063100815
  ],
  "train_accuracies": [
    50.0,
    50.921052631578945
  ],
  "val_accuracies": [
    47.08994708994709,
    43.386243386243386
  ],
  "best_epoch": 2,
  "best_val_loss": 0.8051034063100815,
  "best_val_accuracy": 43.386243386243386
}